,DIC,TA,salt,temp,pH,pco2
Annual Average,2277.3535,2327.8274,33.634785,7.6297493,7.726195651562392,896.45886
